arm,stratum_type,stratum,n,value
B0,cohort,0,10,0.02810249307479224
B0,cohort,1,6,0.033471837488457994
B0,cohort,2,9,0.020829485995690976
B0,cohort,3,9,0.0180440135426285
B0,cohort,4,10,0.014542936288088643
B0,cohort,5,10,0.018324099722991684
B0,cohort,6,11,0.020870057919919412
B0,cohort,7,9,0.01657433056325023
B0,cohort,8,10,0.0253808864265928
B0,cohort,9,10,0.01817174515235457
B0,cohort,10,9,0.0157202216066482
B0,cohort,11,10,0.019328254847645433
B0,cohort,12,11,0.026410224124905568
B0,cohort,13,11,0.015254343993956183
B0,cohort,14,10,0.018109418282548476
B0,cohort,15,11,0.015449508939813651
B0,cohort,16,10,0.017832409972299172
B0,cohort,17,10,0.0274584487534626
B0,cohort,18,8,0.032617728531855954
B0,cohort,19,6,0.01977146814404432
B0,cohort,20,8,0.021745152354570637
B0,cohort,21,10,0.016398891966759
B0,cohort,22,11,0.0216633089901788
B0,cohort,23,10,0.018254847645429364
B0,cohort,24,11,0.015644673885671114
B0,cohort,25,11,0.026076555023923444
B0,maf_bin,0,140,0.003122509960159362
B0,maf_bin,1,122,0.004269806021814385
B0,maf_bin,2,99,0.006530443881041491
B0,distance_bin,0,104,0.1722756320836563
B0,distance_bin,1,148,0.09942949610033802
B0,distance_bin,2,202,0.06398258855142665
B0,distance_bin,3,573,0.05806391027348861
B1,cohort,0,10,0.027098337950138506
B1,cohort,1,6,0.03335641735918744
B1,cohort,2,9,0.019713758079409047
B1,cohort,3,9,0.014658356417359188
B1,cohort,4,10,0.014473684210526314
B1,cohort,5,10,0.017105263157894738
B1,cohort,6,11,0.016689750692520773
B1,cohort,7,9,0.016089566020313945
B1,cohort,8,10,0.022015235457063707
B1,cohort,9,10,0.017119113573407202
B1,cohort,10,9,0.01474299784549092
B1,cohort,11,10,0.0182409972299169
B1,cohort,12,11,0.023438680433140267
B1,cohort,13,11,0.015663560815915387
B1,cohort,14,10,0.01585180055401662
B1,cohort,15,11,0.013497859481238985
B1,cohort,16,10,0.014065096952908586
B1,cohort,17,10,0.027132963988919668
B1,cohort,18,8,0.02901662049861496
B1,cohort,19,6,0.021052631578947368
B1,cohort,20,8,0.018291204986149584
B1,cohort,21,10,0.0168421052631579
B1,cohort,22,11,0.020914127423822718
B1,cohort,23,10,0.016509695290858727
B1,cohort,24,11,0.014511458071014859
B1,cohort,25,11,0.022765046587761267
B1,maf_bin,0,140,0.003530165054069437
B1,maf_bin,1,122,0.005447880608712689
B1,maf_bin,2,99,0.006936898869169785
B1,distance_bin,0,104,0.17197044238274112
B1,distance_bin,1,148,0.09885863135368235
B1,distance_bin,2,202,0.06360891473105303
B1,distance_bin,3,573,0.05739790907528774
B2,cohort,0,10,0.034736842105263156
B2,cohort,1,6,0.0378808864265928
B2,cohort,2,9,0.02419205909510618
B2,cohort,3,9,0.024692212988611878
B2,cohort,4,10,0.017970914127423826
B2,cohort,5,10,0.02259695290858726
B2,cohort,6,11,0.024924452279022923
B2,cohort,7,9,0.01967528470298553
B2,cohort,8,10,0.03302631578947368
B2,cohort,9,10,0.020090027700831025
B2,cohort,10,9,0.02175284702985534
B2,cohort,11,10,0.023538781163434903
B2,cohort,12,11,0.03393351800554017
B2,cohort,13,11,0.018257365902795267
B2,cohort,14,10,0.023144044321329642
B2,cohort,15,11,0.02238730798287585
B2,cohort,16,10,0.02278393351800554
B2,cohort,17,10,0.03441828254847645
B2,cohort,18,8,0.04031336565096953
B2,cohort,19,6,0.023280240073868884
B2,cohort,20,8,0.027259349030470916
B2,cohort,21,10,0.022409972299168978
B2,cohort,22,11,0.025969529085872575
B2,cohort,23,10,0.02455678670360111
B2,cohort,24,11,0.019894233190632084
B2,cohort,25,11,0.033354318811382525
B2,maf_bin,0,140,0.009531872509960158
B2,maf_bin,1,122,0.013078015805629938
B2,maf_bin,2,99,0.01888003541389996
B2,distance_bin,0,104,0.1404902208646065
B2,distance_bin,1,148,0.07917216782324794
B2,distance_bin,2,202,0.05076604508930078
B2,distance_bin,3,573,0.048527614966612745
B3,cohort,0,10,0.03157202216066482
B3,cohort,1,6,0.038157894736842106
B3,cohort,2,9,0.02379193598030163
B3,cohort,3,9,0.021783625730994148
B3,cohort,4,10,0.016918282548476455
B3,cohort,5,10,0.022797783933518008
B3,cohort,6,11,0.021254092168219593
B3,cohort,7,9,0.020560172360726374
B3,cohort,8,10,0.026537396121883657
B3,cohort,9,10,0.019868421052631577
B3,cohort,10,9,0.021029547553093258
B3,cohort,11,10,0.02223684210526316
B3,cohort,12,11,0.02754973558297658
B3,cohort,13,11,0.020171241500881388
B3,cohort,14,10,0.021108033240997227
B3,cohort,15,11,0.0203601108033241
B3,cohort,16,10,0.01953601108033241
B3,cohort,17,10,0.03222991689750693
B3,cohort,18,8,0.03576869806094183
B3,cohort,19,6,0.02446906740535549
B3,cohort,20,8,0.02385734072022161
B3,cohort,21,10,0.022860110803324105
B3,cohort,22,11,0.02541551246537396
B3,cohort,23,10,0.021101108033241
B3,cohort,24,11,0.018779904306220094
B3,cohort,25,11,0.027593805086879877
B3,maf_bin,0,140,0.009154809334092203
B3,maf_bin,1,122,0.014072398928874663
B3,maf_bin,2,99,0.01968187854642038
B3,distance_bin,0,104,0.13603836221750784
B3,distance_bin,1,148,0.07671307075997262
B3,distance_bin,2,202,0.049019194732737685
B3,distance_bin,3,573,0.04644621824945576
B2_order_shuffle,cohort,0,10,0.033601108033241
B2_order_shuffle,cohort,1,6,0.038204062788550326
B2_order_shuffle,cohort,2,9,0.025007694675284697
B2_order_shuffle,cohort,3,9,0.02592336103416435
B2_order_shuffle,cohort,4,10,0.018490304709141276
B2_order_shuffle,cohort,5,10,0.023414127423822716
B2_order_shuffle,cohort,6,11,0.026051372450264423
B2_order_shuffle,cohort,7,9,0.01990612496152662
B2_order_shuffle,cohort,8,10,0.032576177285318565
B2_order_shuffle,cohort,9,10,0.020124653739612187
B2_order_shuffle,cohort,10,9,0.02172976300400123
B2_order_shuffle,cohort,11,10,0.02371191135734072
B2_order_shuffle,cohort,12,11,0.03400277008310249
B2_order_shuffle,cohort,13,11,0.01965499874087132
B2_order_shuffle,cohort,14,10,0.02381578947368421
B2_order_shuffle,cohort,15,11,0.022664316293125156
B2_order_shuffle,cohort,16,10,0.023898891966759
B2_order_shuffle,cohort,17,10,0.033393351800554014
B2_order_shuffle,cohort,18,8,0.04052112188365651
B2_order_shuffle,cohort,19,6,0.025023084025854108
B2_order_shuffle,cohort,20,8,0.028540512465373966
B2_order_shuffle,cohort,21,10,0.02274930747922438
B2_order_shuffle,cohort,22,11,0.026926466884915633
B2_order_shuffle,cohort,23,10,0.023767313019390588
B2_order_shuffle,cohort,24,11,0.020712666834550496
B2_order_shuffle,cohort,25,11,0.03282548476454294
B2_order_shuffle,maf_bin,0,140,0.00928642572566875
B2_order_shuffle,maf_bin,1,122,0.014558977205930372
B2_order_shuffle,maf_bin,2,99,0.018282425852146966
B2_order_shuffle,distance_bin,0,104,0.15747253475257067
B2_order_shuffle,distance_bin,1,148,0.0842245633700814
B2_order_shuffle,distance_bin,2,202,0.05206733846442634
B2_order_shuffle,distance_bin,3,573,0.04922039005092027
B3_order_shuffle,cohort,0,10,0.03010387811634349
B3_order_shuffle,cohort,1,6,0.03875807940904894
B3_order_shuffle,cohort,2,9,0.0242305324715297
B3_order_shuffle,cohort,3,9,0.02279932286857494
B3_order_shuffle,cohort,4,10,0.01765235457063712
B3_order_shuffle,cohort,5,10,0.023698060941828254
B3_order_shuffle,cohort,6,11,0.02228657768823974
B3_order_shuffle,cohort,7,9,0.020752539242843947
B3_order_shuffle,cohort,8,10,0.02671052631578948
B3_order_shuffle,cohort,9,10,0.020602493074792245
B3_order_shuffle,cohort,10,9,0.021329639889196672
B3_order_shuffle,cohort,11,10,0.022583102493074794
B3_order_shuffle,cohort,12,11,0.028550742885922936
B3_order_shuffle,cohort,13,11,0.02064971040040292
B3_order_shuffle,cohort,14,10,0.02261080332409973
B3_order_shuffle,cohort,15,11,0.020108285066733823
B3_order_shuffle,cohort,16,10,0.0203393351800554
B3_order_shuffle,cohort,17,10,0.03058864265927978
B3_order_shuffle,cohort,18,8,0.03543109418282548
B3_order_shuffle,cohort,19,6,0.02643120960295476
B3_order_shuffle,cohort,20,8,0.024844182825484763
B3_order_shuffle,cohort,21,10,0.022797783933518008
B3_order_shuffle,cohort,22,11,0.026309493830269454
B3_order_shuffle,cohort,23,10,0.020477839335180055
B3_order_shuffle,cohort,24,11,0.020202719717955175
B3_order_shuffle,cohort,25,11,0.02717199697809116
B3_order_shuffle,maf_bin,0,140,0.00888232783153102
B3_order_shuffle,maf_bin,1,122,0.015442329044477827
B3_order_shuffle,maf_bin,2,99,0.019280453941808526
B3_order_shuffle,distance_bin,0,104,0.15465720340028805
B3_order_shuffle,distance_bin,1,148,0.08203664452065158
B3_order_shuffle,distance_bin,2,202,0.05071439327080593
B3_order_shuffle,distance_bin,3,573,0.047149467405648564
B1_label_shuffle,maf_bin,0,140,0.0032420318725099604
B1_label_shuffle,maf_bin,1,122,0.004208575533929855
B1_label_shuffle,maf_bin,2,99,0.006517364883898749
B1_label_shuffle,distance_bin,0,104,0.172308444394571
B1_label_shuffle,distance_bin,1,148,0.0993463364716953
B1_label_shuffle,distance_bin,2,202,0.0642553418088814
B1_label_shuffle,distance_bin,3,573,0.058169778853593916
B3_label_shuffle,maf_bin,0,140,0.009805776892430278
B3_label_shuffle,maf_bin,1,122,0.013300894781529618
B3_label_shuffle,maf_bin,2,99,0.019319690933236752
B3_label_shuffle,distance_bin,0,104,0.1406060135838615
B3_label_shuffle,distance_bin,1,148,0.0792959823207426
B3_label_shuffle,distance_bin,2,202,0.05095143237012471
B3_label_shuffle,distance_bin,3,573,0.04862372785241322
